image,diam_max,diam_mean,diam_mode,length,area,width,depth,width_depth_ratio,com_x,com_y,ellips_025,ellips_050,ellips_075,ellips_100,rect_020,rect_040,rect_060,rect_080,directionality,tip_count,cross_hori_0_mean,cross_hori_0_max,cross_hori_1_mean,cross_hori_1_max,cross_hori_2_mean,cross_hori_2_max,cross_hori_3_mean,cross_hori_3_max,cross_hori_4_mean,cross_hori_4_max,cross_hori_5_mean,cross_hori_5_max,cross_hori_6_mean,cross_hori_6_max,cross_hori_7_mean,cross_hori_7_max,cross_hori_8_mean,cross_hori_8_max,cross_hori_9_mean,cross_hori_9_max,cross_hori_10_mean,cross_hori_10_max,cross_hori_11_mean,cross_hori_11_max,cross_hori_12_mean,cross_hori_12_max,cross_hori_13_mean,cross_hori_13_max,cross_hori_14_mean,cross_hori_14_max,cross_hori_15_mean,cross_hori_15_max,cross_hori_16_mean,cross_hori_16_max,cross_hori_17_mean,cross_hori_17_max,cross_hori_18_mean,cross_hori_18_max,cross_hori_19_mean,cross_hori_19_max,cross_hori_20_mean,cross_hori_20_max,cross_hori_21_mean,cross_hori_21_max,cross_hori_22_mean,cross_hori_22_max,cross_hori_23_mean,cross_hori_23_max,cross_hori_24_mean,cross_hori_24_max,cross_hori_25_mean,cross_hori_25_max,cross_hori_26_mean,cross_hori_26_max,cross_hori_27_mean,cross_hori_27_max,cross_hori_28_mean,cross_hori_28_max,cross_hori_29_mean,cross_hori_29_max,cross_vert_mean,cross_vert_max,convexhull,coord_x0,coord_x1,coord_x2,coord_x3,coord_x4,coord_x5,coord_x6,coord_x7,coord_x8,coord_x9,coord_x10,coord_x11,coord_x12,coord_x13,coord_x14,coord_x15,coord_x16,coord_x17,coord_x18,coord_x19,diff_x0,diff_x1,diff_x2,diff_x3,diff_x4,diff_x5,diff_x6,diff_x7,diff_x8,diff_x9,cumul_x0,cumul_x1,cumul_x2,cumul_x3,cumul_x4,cumul_x5,cumul_x6,cumul_x7,cumul_x8,cumul_x9
roots_image_ yt2TzoBEnZ .tiff,0.034900993,0.01686568,0.011633663,12.959902,38.949505,2.6059408,7.480446,0.34836704,0.34967837,0.42108658,1.9271207,6.1078258,10.26822,14.545998,8.352151,8.448327,8.410095,8.467742,6.8181553,7.0,0.13913043,3.0,0.3478261,3.0,0.5217391,3.0,0.7304348,3.0,0.8869565,3.0,1.3043479,9.0,1.8347826,9.0,2.0,9.0,2.1217391,9.0,2.1826086,9.0,2.3043478,9.0,2.2086957,9.0,2.2173913,9.0,2.2086957,9.0,2.2608695,9.0,2.2173913,9.0,1.9565217,9.0,1.5739131,5.0,1.4434782,3.0,1.5652174,4.0,1.6347826,3.0,1.6782609,4.0,1.6521739,3.0,1.5565218,4.0,1.452174,3.0,1.373913,4.0,1.3826087,4.0,1.3130435,4.0,1.3391304,4.0,1.3130435,4.0,NaN,0.0,4410000.0,0.2544643,0.29017857,0.29464287,0.23660715,0.22321428,0.20982143,0.04464286,0.20089285,0.19642857,0.19642857,0.20982143,0.20982143,0.21428572,0.21875,0.21875,0.40625,0.25,0.8125,0.5714286,0.28125,0.026785715,0.28125,0.51785713,0.013392857,0.18303572,0.008928572,0.17410715,0.013392857,0.013392857,0.013392857,0.026785715,0.3080357,0.8258928,0.8392857,1.0223213,1.0312499,1.2053571,1.2187499,1.2321427,1.2455355
roots_image_ GTAFLojwp0 .tiff,0.023267327,0.01690137,0.011633663,13.925496,40.205944,2.6873763,8.143564,0.33,0.35466644,0.40667906,2.1412036,6.6791086,11.213252,15.828993,9.106482,9.12037,9.149016,9.197917,9.47172,8.0,0.8534483,35.0,0.9913793,47.0,1.0517242,35.0,1.1896552,47.0,1.25,35.0,1.4741379,47.0,1.6637931,35.0,1.8706896,47.0,2.060345,35.0,2.189655,47.0,1.5344827,4.0,1.6206896,3.0,1.7327586,4.0,1.8189656,3.0,1.887931,4.0,1.9482758,5.0,1.9224138,7.0,1.887931,14.0,1.7241379,7.0,1.7586207,14.0,1.6982758,7.0,1.7844827,14.0,1.6206896,7.0,1.5862069,14.0,1.4568965,7.0,1.387931,14.0,1.2413793,4.0,1.2327586,5.0,1.2413793,4.0,1.2327586,5.0,NaN,0.0,4410000.0,0.22077923,0.34199134,0.19480519,0.32900432,0.116883114,0.34199134,0.35064936,0.35064936,0.35930735,0.37662336,0.38961038,0.37229437,0.36363637,0.36796537,0.35497835,0.36363637,0.35930735,0.35930735,0.35064936,1.0,0.77922076,0.008658009,0.16450216,0.030303031,0.24675325,0.012987013,0.017316017,0.012987013,0.012987013,0.012987013,0.77922076,0.78787875,0.9523809,0.9826839,1.2294371,1.2424241,1.2597401,1.2727271,1.2857141,1.2987012
roots_image_ tIdop1d2oq .tiff,0.034900993,0.01626202,0.011633663,16.170794,49.15223,2.0591586,9.167327,0.22461928,0.49202487,0.4843533,1.5476923,4.6094675,7.7725444,11.050178,6.491834,6.3379884,6.375148,6.39929,5.9366426,10.0,0.1891892,1.0,0.36486486,1.0,0.5540541,2.0,0.7702703,2.0,0.9459459,2.0,1.0675676,2.0,1.2432432,2.0,1.418919,2.0,1.5945946,4.0,1.9594594,4.0,2.2432432,4.0,2.4054055,4.0,2.5810812,4.0,2.5810812,4.0,2.4729729,4.0,2.4594595,4.0,2.2837837,4.0,2.1351352,4.0,2.0810812,4.0,2.0810812,4.0,1.9594594,4.0,1.8783784,4.0,1.9864864,4.0,1.8648648,4.0,1.8513514,4.0,1.7297298,4.0,1.6486486,5.0,1.4594594,5.0,1.4054054,5.0,1.2162162,5.0,NaN,0.0,4410000.0,0.02259887,0.4463277,0.46327683,0.45762712,0.38418078,0.4124294,0.4463277,0.44067797,0.37288135,0.45762712,0.47457626,0.46892655,0.45762712,0.46327683,0.42937854,0.5423729,0.94350284,0.59322035,0.49717513,0.04519774,0.02259887,0.050847456,0.1299435,0.4858757,0.15819208,0.016949153,0.016949153,0.016949153,0.096045196,0.016949153,0.02259887,0.073446326,0.20338982,0.6892655,0.8474576,0.86440676,0.88135594,0.8983051,0.9943503,1.0112995
roots_image_ gBFJ25KjdO .tiff,0.023267327,0.016514843,0.011633663,12.005941,35.552475,2.3267329,7.3292084,0.31746033,0.41741002,0.39980158,1.8789268,5.795157,9.907395,13.982002,7.9195027,8.0422125,8.066426,8.09555,3.5936103,7.0,0.20869565,3.0,0.3652174,2.0,0.57391304,3.0,0.8608696,6.0,1.2347826,6.0,1.4260869,6.0,1.6347826,6.0,1.7217392,6.0,1.9043478,6.0,2.0608695,6.0,2.252174,6.0,2.2347827,6.0,2.1478262,6.0,2.1565218,6.0,2.0086956,5.0,1.8173913,3.0,1.7043478,2.0,1.6434783,3.0,1.7130435,3.0,1.6521739,3.0,1.5652174,3.0,1.4695653,3.0,1.4173913,3.0,1.4086957,3.0,1.3217391,3.0,1.2173913,2.0,1.1652174,3.0,1.1478261,2.0,1.1304348,2.0,1.0173913,2.0,NaN,0.0,4410000.0,0.23,0.045,0.4,0.375,0.38,0.385,0.375,0.375,0.375,0.39,0.405,0.39,0.39,0.39,0.4,0.435,0.53,0.96,0.44,0.325,0.095,0.395,0.56,0.155,0.055,0.015,0.015,0.015,0.015,0.015,0.095,0.49,1.05,1.2049999,1.2599999,1.2749999,1.2899998,1.3049998,1.3199998,1.3349998
roots_image_ 6n925hwsYj .tiff,0.023267327,0.016669882,0.011633663,10.749505,31.224754,2.489604,6.677723,0.3728223,0.56307715,0.41758814,2.0931447,6.4769,11.024962,15.451192,8.919896,8.923621,8.9564085,9.013041,8.531858,6.0,0.33333334,9.0,0.5964912,6.0,0.84210527,9.0,0.80701756,6.0,1.0087719,9.0,0.9736842,6.0,1.2719299,9.0,1.4210526,6.0,1.8421053,9.0,1.8508772,6.0,2.0789473,9.0,2.0175438,6.0,1.9122807,7.0,1.5877193,6.0,1.6754386,7.0,1.745614,6.0,1.8596492,7.0,1.8596492,6.0,1.7894737,6.0,1.5789474,4.0,1.3859649,4.0,1.4035088,3.0,1.4473684,5.0,1.4736842,3.0,1.4473684,5.0,1.4736842,3.0,1.3421053,5.0,1.2719299,3.0,1.1578947,5.0,1.1578947,3.0,NaN,0.0,4410000.0,0.42056075,0.59345794,0.59345794,0.58411217,0.57476634,0.56542057,0.5607477,0.55607474,0.57009345,0.57009345,0.58411217,0.58411217,0.57009345,0.57476634,0.8551402,0.58878505,0.5981308,0.60747665,0.60747665,0.46261683,0.042056076,0.014018691,0.014018691,0.014018691,0.014018691,0.2897196,0.014018691,0.014018691,0.014018691,0.014018691,0.042056076,0.05607477,0.07009346,0.08411215,0.098130845,0.38785046,0.40186915,0.41588783,0.42990652,0.4439252
roots_image_ E5peN1stsH .tiff,0.023267327,0.016212657,0.011633663,13.448515,40.48515,2.4314358,7.294307,0.33333334,0.51029944,0.43413767,1.7382184,5.3074713,8.979023,12.621264,7.341379,7.2893677,7.3836207,7.355747,11.016132,9.0,0.23809524,5.0,0.45714286,5.0,0.552381,5.0,0.64761907,5.0,0.8952381,5.0,1.0857143,5.0,1.2761905,5.0,1.4666667,5.0,1.6761905,5.0,2.0285714,5.0,2.1904762,5.0,2.142857,5.0,2.1142857,5.0,2.1619048,5.0,2.209524,4.0,2.2380953,4.0,2.1714287,4.0,2.0761905,4.0,2.142857,6.0,2.142857,6.0,1.9809524,6.0,1.8,6.0,1.7714286,6.0,1.9047619,6.0,1.8857143,6.0,1.7428571,6.0,1.6571429,6.0,1.6571429,6.0,1.6571429,6.0,1.3714286,6.0,NaN,0.0,4410000.0,0.6363636,0.46411484,0.4258373,0.4401914,0.3923445,0.4449761,0.4401914,0.4401914,0.44976076,0.46411484,0.4784689,0.46411484,0.64593303,0.45454547,0.45933014,0.46411484,1.0,0.784689,0.4832536,0.7368421,0.10047847,0.019138755,0.35885167,0.5598086,0.07177033,0.014354067,0.014354067,0.20574163,0.014354067,0.014354067,0.10047847,0.119617224,0.4784689,1.0382775,1.1100478,1.1244019,1.138756,1.3444977,1.3588518,1.3732059
roots_image_ VTL1uOQw6i .tiff,0.034900993,0.016394772,0.011633663,13.076239,39.752228,2.8967824,6.6428223,0.43607706,0.45083055,0.3836353,1.9294703,5.885572,9.953468,14.070237,8.052971,8.1849575,8.163009,8.226808,15.069739,9.0,0.5714286,8.0,0.8839286,11.0,1.0625,8.0,1.2232143,11.0,1.5,9.0,1.7142857,12.0,1.75,9.0,1.8839285,12.0,2.0267856,9.0,2.2857144,12.0,2.4017856,9.0,2.5267856,12.0,2.1607144,9.0,2.2142856,12.0,2.0982144,9.0,2.4285715,26.0,2.017857,8.0,2.125,26.0,1.9642857,8.0,2.2142856,26.0,1.9732143,8.0,2.0267856,26.0,1.875,8.0,1.8928572,26.0,1.5982143,8.0,1.6160715,26.0,1.4553572,8.0,1.25,3.0,1.2678572,5.0,1.2410715,3.0,NaN,0.0,4410000.0,0.4698795,0.35341364,0.3253012,0.33734939,0.10040161,0.3694779,0.26907632,0.3694779,0.38554215,0.37349397,0.38554215,0.39759037,0.3815261,0.3815261,0.3815261,0.36144578,0.5461847,0.33734939,0.8795181,0.7068273,0.23694779,0.5261044,0.012048192,0.20883535,0.26104417,0.012048192,0.1124498,0.012048192,0.012048192,0.012048192,0.23694779,0.76305217,0.77510035,0.9839357,1.2449799,1.2570281,1.3694779,1.3815261,1.3935744,1.4056226
roots_image_ teMyMDNL4Q .tiff,0.023267327,0.017109564,0.011633663,12.901733,38.786636,2.6757426,7.864357,0.3402367,0.38203228,0.4100748,2.1310737,6.5683866,11.199161,15.80324,9.130774,9.1244755,9.162868,9.247451,6.402417,7.0,0.20869565,5.0,0.4347826,5.0,0.7217391,5.0,1.0173913,5.0,1.1652174,5.0,1.3217391,5.0,1.5130435,5.0,1.7043478,5.0,1.8956522,5.0,2.0869565,5.0,2.1304348,4.0,2.173913,5.0,2.1478262,5.0,2.026087,5.0,1.9304348,5.0,1.9130435,5.0,1.8521739,5.0,1.9217391,5.0,1.826087,5.0,1.7304348,5.0,1.6347826,5.0,1.5130435,5.0,1.452174,5.0,1.3478261,5.0,1.2608696,5.0,1.2608696,5.0,1.2608696,5.0,1.1478261,5.0,1.0608696,3.0,1.0608696,3.0,NaN,0.0,4410000.0,0.32173914,0.3347826,0.2173913,0.039130434,0.33043477,0.26086956,0.32608697,0.33913043,0.32173914,0.32608697,0.33913043,0.3347826,0.35217392,0.33913043,0.33913043,0.7,0.3347826,0.34347826,0.8826087,0.35652173,0.034782607,0.5478261,0.12608695,0.29565218,0.36956522,0.07826087,0.013043478,0.013043478,0.013043478,0.013043478,0.034782607,0.5826087,0.70869565,1.0043478,1.373913,1.452174,1.4652175,1.478261,1.4913045,1.504348
roots_image_ qGho64umzz .tiff,0.046534654,0.015043051,0.011633663,38.902973,121.9208,2.8618813,8.050495,0.35549134,0.45317638,0.4062125,0.65057254,2.0608778,3.6318703,5.446088,3.0576336,2.9526718,2.9954197,3.0869274,29.397875,33.0,0.53846157,16.0,0.88461536,10.0,1.2884616,16.0,1.8461539,10.0,2.6634614,16.0,3.5480769,12.0,4.3173075,16.0,5.326923,12.0,6.2115383,16.0,6.576923,12.0,6.7884617,13.0,7.25,12.0,7.5,13.0,7.5,12.0,7.1634617,13.0,7.0288463,12.0,6.4711537,11.0,6.3653846,12.0,5.7884617,11.0,5.9038463,10.0,5.5,11.0,5.2211537,10.0,4.923077,9.0,4.644231,10.0,4.3076925,9.0,3.8173077,10.0,3.3461537,9.0,2.9326923,7.0,2.5673077,9.0,2.0673077,7.0,NaN,0.0,4410000.0,0.85365856,0.3821138,0.28455284,0.10569106,0.13414635,0.42682928,0.24390244,0.41463414,0.41463414,0.43089432,0.4390244,0.42682928,0.5609756,0.51626015,0.80487806,0.6707317,0.5569106,0.8455285,0.5081301,0.9065041,0.05284553,0.12601626,0.5609756,0.4512195,0.5365854,0.37804878,0.27235773,0.14634146,0.0121951215,0.008130081,0.05284553,0.1788618,0.7398374,1.191057,1.7276423,2.105691,2.3780487,2.5243902,2.5365853,2.5447154
roots_image_ 4X4KcnuWUb .tiff,0.058168318,0.016043723,0.011633663,70.61634,223.13367,3.082921,8.1901,0.37642047,0.5045708,0.40302995,0.38274243,1.0455161,1.9741919,3.2459855,1.7827424,1.5734619,1.6651199,1.7900939,46.83362,61.0,0.58666664,7.0,1.1066667,5.0,1.8133334,7.0,3.3333333,23.0,5.44,29.0,6.76,29.0,8.92,29.0,9.946667,29.0,11.76,29.0,13.226666,29.0,14.493333,29.0,15.466666,27.0,15.493333,26.0,15.533334,27.0,15.906667,50.0,14.8133335,27.0,14.133333,50.0,12.466666,26.0,11.64,50.0,10.76,18.0,10.44,28.0,9.226666,18.0,8.786667,28.0,7.24,14.0,6.28,28.0,4.866667,13.0,3.6266668,13.0,2.7466667,10.0,1.96,7.0,1.5733334,7.0,NaN,0.0,4410000.0,0.42264152,0.5735849,0.26792452,0.17358491,0.15471698,0.23396227,0.2754717,0.41132075,0.49811321,0.49811321,0.509434,0.50566036,0.50566036,0.7056604,0.8037736,0.7018868,0.8792453,0.7245283,0.83396226,0.47924528,0.056603774,0.26037735,0.45660377,0.7056604,0.5471698,0.56981134,0.4301887,0.094339624,0.00754717,0.011320755,0.056603774,0.31698114,0.7735849,1.4792453,2.026415,2.5962265,3.026415,3.1207547,3.1283019,3.1396227
roots_image_ NKyveH2brd .tiff,0.034900993,0.016796758,0.011633663,14.181437,43.800743,2.2336636,7.8759904,0.28360415,0.43175283,0.41819152,1.5750332,4.822311,8.157769,11.6706505,6.7285523,6.665073,6.669588,6.8010626,9.916841,10.0,0.22608696,4.0,0.4173913,4.0,0.7478261,8.0,0.95652175,8.0,1.0608696,8.0,1.1565218,8.0,1.373913,8.0,1.5652174,8.0,1.7565217,8.0,1.9913044,8.0,2.1391304,8.0,2.1565218,8.0,2.1565218,8.0,2.1478262,5.0,2.2,5.0,2.2434783,5.0,2.3043478,5.0,2.4,5.0,2.3043478,5.0,2.2086957,5.0,2.0173912,5.0,1.8869566,5.0,1.7913043,5.0,1.6956521,5.0,1.547826,5.0,1.4608696,5.0,1.4434782,5.0,1.1826087,5.0,1.1304348,4.0,1.1304348,4.0,NaN,0.0,4410000.0,0.6510417,0.453125,0.30208334,0.020833334,0.046875,0.21354167,0.46875,0.45833334,0.44791666,0.453125,0.46875,0.46354166,0.5833333,0.48958334,0.484375,0.46875,0.47916666,0.47916666,0.984375,0.7239583,0.072916664,0.53125,0.17708333,0.45833334,0.421875,0.27083334,0.020833334,0.125,0.015625,0.015625,0.072916664,0.6041667,0.78125,1.2395834,1.6614584,1.9322917,1.9531251,2.078125,2.09375,2.109375
roots_image_ psd2auMiav .tiff,0.023267327,0.016364366,0.011633663,14.018565,41.962627,2.0591586,6.747525,0.3051724,0.43473297,0.40874854,1.2281674,3.8832824,6.6964235,9.572221,5.472969,5.350707,5.5173273,5.5375657,5.7931685,9.0,0.10526316,2.0,0.27192983,2.0,0.4385965,2.0,0.6666667,4.0,0.94736844,6.0,1.1666666,4.0,1.5438596,7.0,1.8684211,6.0,2.2192984,7.0,2.3421052,6.0,2.7631578,7.0,3.008772,6.0,3.1140351,7.0,3.0175438,6.0,3.0701754,7.0,2.9736843,6.0,2.7894738,7.0,2.745614,6.0,2.5877192,6.0,2.3947368,5.0,2.1666667,5.0,2.1929824,5.0,1.9298246,5.0,1.7280701,4.0,1.6403508,4.0,1.6140351,3.0,1.5175439,4.0,1.4298246,3.0,1.4561404,4.0,1.3245614,3.0,NaN,0.0,4410000.0,0.43502825,0.29943502,0.26553673,0.38418078,0.36723164,0.36158192,0.3559322,0.34463277,0.33333334,0.3559322,0.37288135,0.3502825,0.3559322,0.37288135,0.37853107,0.38418078,0.89830506,0.6723164,0.43502825,0.45762712,0.02259887,0.13559322,0.40677965,0.5141243,0.016949153,0.016949153,0.016949153,0.011299435,0.016949153,0.016949153,0.02259887,0.1581921,0.56497175,1.0790961,1.0960453,1.1129944,1.1299436,1.1412431,1.1581923,1.1751415
roots_image_ 11WfxTBVGP .tiff,0.023267327,0.015404395,0.011633663,15.577476,46.48812,2.6408417,6.9801984,0.37833333,0.52968496,0.41988197,1.5367868,4.7975473,8.1066065,11.4206705,6.5893393,6.5580583,6.574324,6.643644,13.549476,10.0,0.2857143,7.0,0.4642857,7.0,0.6964286,7.0,0.875,7.0,1.0535715,7.0,1.2767857,7.0,1.6160715,7.0,1.9107143,7.0,2.25,7.0,2.455357,7.0,2.6339285,7.0,2.544643,5.0,2.6339285,5.0,2.6875,5.0,2.669643,5.0,2.7767856,5.0,2.857143,5.0,2.6785715,5.0,2.5892856,6.0,2.5267856,6.0,2.4107144,6.0,2.3482144,6.0,2.419643,6.0,2.3125,6.0,2.125,6.0,2.107143,6.0,1.9464285,6.0,1.7410715,6.0,1.6339285,6.0,1.5446428,5.0,NaN,0.0,4410000.0,0.5947136,0.46696034,0.4493392,0.44052863,0.20704846,0.15418503,0.49779737,0.5110132,0.5198238,0.52422905,0.53744495,0.5330396,0.52422905,0.79735684,0.49779737,0.47136563,0.4889868,0.78854626,0.5814978,0.81497794,0.22026432,0.11453745,0.33920705,0.04845815,0.26431718,0.34361234,0.29955947,0.013215859,0.013215859,0.013215859,0.22026432,0.33480176,0.67400885,0.722467,0.9867842,1.3303965,1.629956,1.6431719,1.6563878,1.6696037
roots_image_ oZBK6P6Ip6 .tiff,0.069801986,0.016467033,0.011633663,87.869064,280.97626,3.7576735,8.294803,0.45301542,0.50843,0.43768367,0.38381913,1.0362289,1.9592166,3.140858,1.7876366,1.5688555,1.607693,1.7302086,47.550198,72.0,0.4347826,5.0,1.4202899,10.0,2.405797,10.0,3.6666667,10.0,4.9565215,22.0,6.7391305,21.0,7.7391305,22.0,9.898551,21.0,11.101449,22.0,13.550725,33.0,16.289856,51.0,17.695652,42.0,19.768116,51.0,18.57971,42.0,19.086956,51.0,18.289856,42.0,16.985508,29.0,15.913043,25.0,15.478261,59.0,14.811594,25.0,14.797101,59.0,12.550725,25.0,12.289855,59.0,10.376812,23.0,9.275362,20.0,8.072464,18.0,6.9710145,15.0,5.7246375,18.0,4.362319,15.0,3.2463768,13.0,NaN,0.0,4410000.0,0.8235294,0.31578946,0.23219815,0.21981424,0.36842105,0.29411766,0.40557274,0.37461302,0.5294118,0.5263158,0.5325077,0.55727553,0.55108356,0.7863777,0.74613005,0.8359133,0.8266254,0.61609906,0.6130031,0.84520125,0.021671826,0.2972136,0.38390094,0.60681117,0.46749225,0.4520124,0.38080496,0.1764706,0.027863776,0.0061919503,0.021671826,0.31888545,0.7027864,1.3095975,1.7770897,2.2291021,2.6099072,2.7863777,2.8142414,2.8204334
roots_image_ hdULCnQ4fA .tiff,0.034900993,0.0151064,0.011633663,35.075497,109.22847,3.1992576,8.899753,0.35947713,0.5497445,0.41412315,0.98988175,2.9951007,5.1536903,7.507615,4.3082333,4.153584,4.186708,4.3399725,33.600983,30.0,0.32894737,4.0,0.57894737,4.0,0.7631579,4.0,1.9868422,24.0,2.381579,18.0,3.5263157,24.0,3.9078948,18.0,5.355263,24.0,5.868421,18.0,5.9210525,12.0,6.2763157,12.0,6.4342103,12.0,6.7236843,12.0,6.2894735,15.0,6.3157897,23.0,6.144737,15.0,6.263158,23.0,5.7763157,15.0,5.4605265,23.0,4.631579,8.0,4.4473686,13.0,3.7763157,8.0,3.2763157,13.0,2.881579,8.0,2.6842105,7.0,2.4210527,5.0,2.131579,7.0,1.7763158,5.0,1.6973684,6.0,1.3947369,5.0,NaN,0.0,4410000.0,0.094545454,0.4909091,0.38181818,0.4,0.4909091,0.48363635,0.47636363,0.36727273,0.4690909,0.45818183,0.4690909,0.47636363,0.52363634,0.60727274,0.6872727,0.88,0.95272726,0.92727274,0.78909093,0.13090909,0.036363635,0.29818183,0.54545456,0.5527273,0.3890909,0.20363636,0.13090909,0.15636364,0.0072727273,0.010909091,0.036363635,0.33454546,0.88,1.4327273,1.8218182,2.0254545,2.1563635,2.3127272,2.32,2.330909
roots_image_ N1fmT4snnh .tiff,0.034900993,0.015175497,0.011633663,20.405447,62.48441,2.3965347,6.7591586,0.3545611,0.46817002,0.42973068,0.96704525,2.958853,5.178365,7.418172,4.314653,4.1604915,4.2360826,4.3034816,14.666739,18.0,0.2962963,7.0,0.537037,5.0,0.6481481,7.0,0.8703704,5.0,1.1018518,7.0,1.3518518,5.0,1.6666666,7.0,1.9907408,5.0,2.4166667,7.0,2.898148,8.0,3.3888888,7.0,3.7685184,9.0,3.9537036,9.0,4.1944447,9.0,4.3333335,9.0,4.4444447,9.0,4.3425927,9.0,4.361111,9.0,4.4722223,9.0,4.3333335,9.0,4.0555553,9.0,3.7314816,9.0,3.4722223,8.0,3.175926,6.0,2.898148,8.0,2.7407408,6.0,2.4722223,8.0,2.398148,6.0,2.1388888,8.0,1.9722222,6.0,NaN,0.0,4410000.0,0.44660193,0.43203884,0.43203884,0.2669903,0.22330096,0.26213592,0.37864077,0.36893204,0.37378642,0.3592233,0.37378642,0.3883495,0.3883495,0.407767,0.39805827,0.57281554,0.684466,0.79611653,0.50970876,0.60679615,0.16019417,0.0776699,0.36407766,0.41747573,0.34951457,0.13592233,0.029126214,0.019417476,0.014563107,0.014563107,0.16019417,0.23786408,0.6019417,1.0194174,1.368932,1.5048543,1.5339805,1.553398,1.5679611,1.5825242
roots_image_ CL1lz3zKgV .tiff,0.034900993,0.015399597,0.011633663,51.176487,156.26337,3.4784656,8.725248,0.39866668,0.4703501,0.43105915,0.7371948,2.0926147,3.7414384,5.564994,3.1771142,3.0149643,3.0721412,3.1488237,32.58489,43.0,0.18666667,2.0,0.6533333,16.0,1.56,16.0,2.48,16.0,3.2933333,16.0,4.9866667,18.0,6.3333335,26.0,7.213333,18.0,8.053333,26.0,8.64,22.0,9.693334,26.0,9.773334,22.0,9.92,15.0,9.986667,22.0,9.4,14.0,8.973333,16.0,8.146667,14.0,7.5866666,14.0,7.0666666,25.0,6.6,30.0,6.4,25.0,6.386667,30.0,5.92,25.0,5.48,30.0,4.5733333,9.0,4.133333,9.0,3.36,7.0,2.5866666,6.0,2.08,6.0,1.5466666,5.0,NaN,0.0,4410000.0,0.10702341,0.39464882,0.020066889,0.14715719,0.15719064,0.3411371,0.24414715,0.48160535,0.47826087,0.46822742,0.47826087,0.53177255,0.5652174,0.6187291,0.5819398,0.59197325,0.6688963,0.67558527,0.77257526,0.1270903,0.020066889,0.3779264,0.6555184,0.5217391,0.4347826,0.24080268,0.37458193,0.08361204,0.053511705,0.0100334445,0.020066889,0.3979933,1.0535117,1.5752509,2.0100334,2.2508361,2.6254182,2.7090302,2.7625418,2.7725751
roots_image_ OT9aUo7uai .tiff,0.034900993,0.01644975,0.011633663,19.474752,58.715103,2.7222774,7.713119,0.3529412,0.5402698,0.38482773,1.2817515,4.1979394,7.34357,10.344957,5.9044976,5.842283,5.967307,6.0437884,10.554383,14.0,0.22608696,5.0,0.46086955,5.0,0.7478261,5.0,1.052174,5.0,1.4347826,5.0,1.8869566,6.0,2.5652175,10.0,3.078261,10.0,3.4434783,10.0,3.8,10.0,3.9304347,10.0,3.921739,10.0,3.895652,10.0,3.826087,10.0,3.7652173,10.0,3.6434782,10.0,3.2608695,7.0,2.8869565,7.0,2.6782608,7.0,2.452174,7.0,2.278261,6.0,2.1826086,6.0,2.078261,6.0,1.947826,6.0,1.8782609,5.0,1.7652174,5.0,1.6,5.0,1.4434782,5.0,1.3478261,5.0,1.2956522,5.0,NaN,0.0,4410000.0,0.44017094,0.46581197,0.25213677,0.14102565,0.6196581,0.60683763,0.60683763,0.6196581,0.61538464,0.6196581,0.63247865,0.6282051,0.63247865,0.6196581,0.96153843,0.6666667,0.6367521,0.66239315,0.65384614,0.48290598,0.042735044,0.18803419,0.41025642,0.4957265,0.047008548,0.35470086,0.012820513,0.012820513,0.012820513,0.012820513,0.042735044,0.23076923,0.64102566,1.1367521,1.1837606,1.5384614,1.5512819,1.5641024,1.5769229,1.5897434
roots_image_ axTvBLDF2D .tiff,0.034900993,0.01576616,0.011633663,20.73119,61.739853,2.768812,7.96906,0.34744525,0.55172056,0.45682138,1.4456378,4.1829658,7.1748633,10.339174,6.023177,5.863011,5.7949877,5.9747505,34.375294,17.0,0.2647059,4.0,0.42647058,4.0,0.5882353,4.0,0.75,4.0,1.0294118,5.0,1.4705882,11.0,1.9264706,11.0,2.5294118,11.0,2.7058823,11.0,2.985294,11.0,3.3235295,11.0,3.5735295,7.0,3.8235295,7.0,3.764706,8.0,4.029412,8.0,4.132353,8.0,4.2941175,8.0,4.7352943,22.0,4.2058825,22.0,4.1764708,22.0,3.7058823,22.0,3.735294,22.0,3.264706,22.0,2.5441177,9.0,2.3382354,9.0,1.7647059,9.0,1.7205882,9.0,1.5147059,9.0,1.2205882,4.0,1.0882353,3.0,NaN,0.0,4410000.0,0.49579832,0.74369746,0.31932774,0.5462185,0.20168068,0.5714286,0.53781515,0.53781515,0.53361344,0.5420168,0.5546219,0.5462185,0.55042017,0.5588235,0.8487395,0.65966386,0.7941176,0.6134454,0.7605042,0.5882353,0.09243698,0.016806724,0.29411766,0.24789916,0.4579832,0.27731094,0.021008404,0.012605042,0.012605042,0.012605042,0.09243698,0.1092437,0.40336135,0.6512605,1.1092436,1.3865546,1.407563,1.420168,1.4327731,1.4453782
roots_image_ ZMkEqTZbVQ .tiff,0.034900993,0.01691425,0.011633663,16.531437,49.88515,2.9782178,8.422772,0.35359117,0.5823765,0.40176237,1.9384328,6.0666976,10.309702,14.67444,8.371502,8.389692,8.454524,8.526586,8.965278,9.0,0.19827586,3.0,0.4051724,3.0,0.61206895,3.0,0.94827586,5.0,1.387931,5.0,1.8534483,6.0,2.0431035,6.0,2.275862,6.0,2.4827585,6.0,2.6293104,6.0,2.7844827,6.0,3.0172415,6.0,3.0431035,6.0,2.7586207,6.0,2.6293104,6.0,2.4310346,6.0,2.3534484,6.0,2.3706896,6.0,2.413793,6.0,2.310345,6.0,1.9655173,6.0,1.7068965,5.0,1.6206896,4.0,1.5258621,4.0,1.362069,3.0,1.2844827,3.0,1.2844827,3.0,1.0948275,3.0,1.0172414,3.0,1.0172414,3.0,NaN,0.0,4410000.0,0.63671875,0.58984375,0.59375,0.5859375,0.59375,0.59765625,0.58203125,0.57421875,0.56640625,0.5703125,0.58203125,0.578125,0.58203125,0.59375,0.609375,0.60546875,0.92578125,0.60546875,0.703125,0.66796875,0.03125,0.11328125,0.01171875,0.33984375,0.01171875,0.01171875,0.01171875,0.0078125,0.01171875,0.01171875,0.03125,0.14453125,0.15625,0.49609375,0.5078125,0.51953125,0.53125,0.5390625,0.55078125,0.5625
roots_image_ paOVUYTahm .tiff,0.034900993,0.01688475,0.011633663,16.98515,51.001984,2.5361388,6.910396,0.36700338,0.59330636,0.37149245,1.35698,4.0814323,6.9787865,9.922673,5.593522,5.6733575,5.7201185,5.772582,18.68126,13.0,0.78899086,32.0,0.98165137,9.0,1.3853211,32.0,1.3394495,9.0,1.9633027,32.0,2.119266,9.0,2.6513762,32.0,2.7155964,9.0,3.0917432,32.0,3.201835,9.0,3.587156,32.0,3.3119266,7.0,3.266055,7.0,3.1926606,7.0,3.201835,7.0,3.1559634,7.0,2.8165138,7.0,2.7431192,7.0,2.5688074,7.0,2.5045872,7.0,2.4587157,7.0,2.2477064,6.0,2.3669724,7.0,2.0458715,5.0,1.8623853,4.0,1.7889909,4.0,1.6697248,4.0,1.5779817,4.0,1.4954128,4.0,1.4036697,4.0,NaN,0.0,4410000.0,0.22018349,0.66972476,0.64220184,0.4266055,0.22477064,0.5504587,0.6284404,0.646789,0.6238532,0.61926603,0.6330275,0.63761467,0.6605505,0.6605505,0.6513761,0.63761467,0.63761467,0.9082569,0.9495413,0.33486238,0.1146789,0.2798165,0.26605505,0.21100917,0.41284403,0.10091743,0.03211009,0.013761468,0.013761468,0.013761468,0.1146789,0.3944954,0.6605505,0.8715596,1.2844037,1.3853211,1.4174312,1.4311928,1.4449543,1.4587158
roots_image_ IcWxjWjQAZ .tiff,0.034900993,0.017184367,0.011633663,14.239605,42.788616,3.0363863,8.085397,0.37553957,0.47649792,0.44027525,2.3178358,7.0062532,11.789831,16.702011,9.694399,9.565525,9.626428,9.681349,15.040812,9.0,0.24675325,3.0,0.41558442,2.0,0.7532467,3.0,0.8831169,2.0,1.1168832,3.0,1.3116883,5.0,2.1038961,21.0,2.116883,26.0,2.8701298,21.0,2.6233766,26.0,2.7012987,21.0,2.7922077,26.0,2.6883116,21.0,2.1818182,13.0,2.5844157,18.0,1.9480519,4.0,1.9220779,3.0,1.974026,4.0,1.7792208,3.0,1.8051949,4.0,1.7662338,5.0,1.4025974,3.0,1.5584415,5.0,1.4545455,6.0,1.5454545,5.0,1.3766234,6.0,1.2467532,5.0,1.2207792,6.0,1.1298702,5.0,1.0,1.0,NaN,0.0,4410000.0,0.08045977,0.51724136,0.5019157,0.51724136,0.31800765,0.51341,0.5210728,0.5249042,0.50574714,0.49808428,0.5095785,0.51724136,0.5363985,0.62835246,0.52873564,0.532567,0.52873564,0.51341,0.5555556,0.107279696,0.026819924,0.038314175,0.011494253,0.011494253,0.21455939,0.01532567,0.107279696,0.011494253,0.011494253,0.011494253,0.026819924,0.0651341,0.07662836,0.08812261,0.30268198,0.31800765,0.42528734,0.4367816,0.44827583,0.45977008
roots_image_ hkWladXleL .tiff,0.023267327,0.016338047,0.011633663,12.226981,36.16906,2.629208,6.991832,0.37603992,0.42637777,0.39616588,1.9523963,6.146671,10.51367,14.76166,8.513991,8.543905,8.601158,8.641364,3.3669322,6.0,0.16666667,3.0,0.34210527,3.0,0.51754385,3.0,0.69298244,3.0,0.95614034,6.0,1.2894737,6.0,1.5526316,6.0,1.8245614,6.0,2.0701754,6.0,2.1754386,6.0,2.2631578,6.0,2.4035087,6.0,2.4561403,6.0,2.4561403,6.0,2.4561403,6.0,2.368421,6.0,2.0877192,4.0,1.8947369,4.0,1.7894737,4.0,1.7017543,4.0,1.6578947,4.0,1.6578947,4.0,1.5789474,3.0,1.4035088,2.0,1.3157895,2.0,1.2280701,2.0,1.1929824,2.0,1.1929824,2.0,1.1929824,2.0,1.1403508,2.0,NaN,0.0,4410000.0,0.25663716,0.34513274,0.32300884,0.42920354,0.10619469,0.43362832,0.28761062,0.43362832,0.43362832,0.4380531,0.45132744,0.44690266,0.44247788,0.45575222,0.45132744,0.44247788,0.44247788,0.76106197,0.44247788,0.30088496,0.044247787,0.097345136,0.4380531,0.013274336,0.33628318,0.017699115,0.16814159,0.0088495575,0.013274336,0.013274336,0.044247787,0.14159292,0.579646,0.5929203,0.9292035,0.94690263,1.1150442,1.1238937,1.137168,1.1504424
roots_image_ EOLOpAE2YN .tiff,0.034900993,0.016796252,0.011633663,17.066586,51.164852,2.838614,7.5386143,0.37654322,0.5321728,0.37900752,1.5547976,4.9631653,8.56844,12.210323,6.8890405,6.9652114,6.982037,7.095043,5.831233,12.0,0.2173913,4.0,0.4,6.0,0.8608696,12.0,1.0956522,6.0,1.6956521,12.0,2.095652,11.0,2.3217392,12.0,2.5565217,11.0,2.6869564,12.0,3.0,11.0,3.2,12.0,3.3913043,11.0,3.278261,8.0,3.347826,11.0,3.1826086,8.0,2.8347826,6.0,2.7739131,6.0,2.6695652,6.0,2.6434782,6.0,2.6086957,6.0,2.4869566,6.0,2.269565,6.0,2.078261,6.0,1.9043478,6.0,1.7565217,4.0,1.547826,5.0,1.4695653,4.0,1.2695652,3.0,1.1652174,4.0,1.1391305,3.0,NaN,0.0,4410000.0,0.6352459,0.24180327,0.4918033,0.49590164,0.49590164,0.50409836,0.51229507,0.51229507,0.5,0.50409836,0.51229507,0.51229507,0.52459013,0.52459013,0.69262296,0.55737704,0.66803277,1.0,0.647541,0.68442625,0.04918033,0.4057377,0.5081967,0.17213115,0.06147541,0.18852459,0.012295082,0.012295082,0.012295082,0.008196721,0.04918033,0.45491803,0.96311474,1.1352459,1.1967213,1.3852459,1.397541,1.4098362,1.4221313,1.430328
roots_image_ toqniUX0Al .tiff,0.034900993,0.01591643,0.011633663,17.159655,51.223022,3.0596535,7.5967827,0.4027565,0.46231657,0.38795054,1.6888485,5.5021577,9.337725,13.1642065,7.539405,7.551215,7.6136727,7.696798,14.853952,14.0,0.37719297,16.0,0.5614035,9.0,0.8684211,16.0,1.0964912,9.0,1.4912281,16.0,1.7631578,9.0,2.3333333,27.0,2.5614035,19.0,2.8157895,27.0,3.0526316,19.0,3.3245614,27.0,3.1842105,19.0,3.1666667,27.0,3.0175438,19.0,3.0877192,27.0,2.877193,19.0,3.0,27.0,2.5263157,6.0,2.4298246,5.0,2.3859649,6.0,2.131579,5.0,1.9122807,4.0,1.9649123,4.0,1.9298246,4.0,1.8684211,4.0,1.754386,4.0,1.5877193,4.0,1.4561404,4.0,1.377193,4.0,1.2807018,3.0,NaN,0.0,4410000.0,0.5551331,0.4486692,0.31558937,0.10646388,0.30038023,0.4068441,0.4296578,0.4296578,0.44486693,0.4524715,0.46387833,0.4676806,0.44106463,0.44486693,0.44106463,0.44106463,0.44106463,0.7452471,0.56653994,0.6501901,0.09505703,0.117870726,0.4296578,0.33460075,0.14068441,0.03422053,0.015209125,0.0114068445,0.022813689,0.0114068445,0.09505703,0.21292776,0.6425855,0.97718626,1.1178707,1.1520913,1.1673003,1.1787072,1.2015209,1.2129278
roots_image_ hOUtPEYvlv .tiff,0.023267327,0.016016485,0.011633663,13.40198,39.170547,2.5361388,7.3873763,0.34330708,0.53913116,0.4043238,1.9138699,5.7849717,9.8675375,13.863974,7.916543,8.017226,8.020196,8.049599,23.022902,7.0,0.59782606,13.0,0.75,11.0,1.2282609,13.0,1.5652174,11.0,1.826087,13.0,1.8043479,11.0,2.0543478,13.0,2.0326087,11.0,2.2934783,6.0,2.25,7.0,2.25,6.0,1.9673913,7.0,1.6956521,5.0,2.0108695,5.0,1.9130435,5.0,2.0108695,5.0,1.9782609,6.0,1.8804348,5.0,1.7282609,6.0,1.7391304,5.0,1.7282609,6.0,1.8913044,5.0,1.6630435,6.0,1.6956521,5.0,1.6630435,6.0,1.5543479,5.0,1.3369565,4.0,1.2934783,5.0,1.2391304,4.0,1.2282609,5.0,NaN,0.0,4410000.0,0.4082569,0.41284403,0.5642202,0.055045873,0.38073394,0.5045872,0.5642202,0.5825688,0.6146789,0.61009175,0.6238532,0.6284404,0.5963303,0.57798165,0.5825688,0.5733945,0.5825688,0.57798165,0.75688076,0.5733945,0.16513762,0.3440367,0.013761468,0.5275229,0.19266056,0.07798165,0.013761468,0.013761468,0.013761468,0.013761468,0.16513762,0.50917435,0.5229358,1.0504587,1.2431192,1.321101,1.3348625,1.348624,1.3623855,1.376147
roots_image_ Idm0jrRYWG .tiff,0.034900993,0.015653977,0.011633663,20.905693,63.612873,2.7804456,7.74802,0.35885885,0.40773708,0.44980267,1.3586321,3.9383688,6.8922825,9.740673,5.7028165,5.577725,5.576079,5.669715,16.689713,16.0,0.6086956,12.0,0.76811594,12.0,0.92753625,12.0,1.6666666,21.0,2.1594203,21.0,2.3188405,21.0,2.0289855,21.0,2.3333333,21.0,2.768116,21.0,2.7391305,5.0,2.9275362,6.0,3.5507247,6.0,4.1449275,7.0,4.304348,7.0,4.5072465,7.0,4.42029,7.0,4.115942,7.0,3.7246377,7.0,3.4782608,10.0,3.4347825,10.0,2.9855072,10.0,2.8115942,10.0,2.5072465,10.0,2.4492753,10.0,2.289855,10.0,1.9565217,5.0,1.8115942,5.0,1.5362319,5.0,1.5072464,5.0,1.4927536,5.0,NaN,0.0,4410000.0,0.69456065,0.0,0.35146442,0.28870293,0.28033474,0.32217574,0.33054394,0.35146442,0.35146442,0.36820084,0.38075313,0.36820084,0.37656903,0.34309623,0.33891213,0.47280335,0.69456065,0.39748955,0.5523012,1.0,0.30543932,0.5523012,0.046025105,0.40585774,0.19246861,0.016736401,0.012552301,0.025104603,0.016736401,0.012552301,0.30543932,0.8577405,0.9037656,1.3096234,1.502092,1.5188284,1.5313807,1.5564853,1.5732217,1.585774
roots_image_ 8iaVqhFSqQ .tiff,0.023267327,0.015955139,0.011633663,19.323515,58.645298,1.9893565,8.411139,0.23651452,0.7278161,0.37710756,1.1198175,3.2929974,5.770879,8.198572,4.6101966,4.6728826,4.741321,4.762547,23.729553,13.0,0.18965517,2.0,0.9396552,29.0,1.1465517,29.0,1.5517242,29.0,1.9396552,29.0,2.2844827,29.0,2.612069,29.0,2.8189654,29.0,3.1293104,29.0,3.336207,29.0,3.086207,9.0,2.9568965,6.0,2.9568965,6.0,2.6810346,5.0,2.5,5.0,2.3189654,5.0,2.310345,5.0,2.275862,5.0,2.2155173,5.0,2.1551723,5.0,2.0,5.0,1.9396552,5.0,1.862069,5.0,1.8275862,5.0,1.7327586,5.0,1.7586207,7.0,1.6206896,7.0,1.5258621,7.0,1.3793104,7.0,1.3017242,7.0,NaN,0.0,4410000.0,0.9122807,0.6023392,0.47368422,0.53216374,0.5204678,0.60818714,0.4385965,0.83625734,0.8479532,0.8479532,0.8596491,0.86549705,0.9298246,0.877193,0.8596491,0.877193,0.9005848,0.91812867,0.91812867,0.9883041,0.07602339,0.31578946,0.44444445,0.36842105,0.35672516,0.25146198,0.4385965,0.09356725,0.01754386,0.0116959065,0.07602339,0.39181286,0.83625734,1.2046784,1.5614035,1.8128655,2.251462,2.3450294,2.3625731,2.374269
roots_image_ F9GN6qxJ5J .tiff,0.023267327,0.015132852,0.011633663,20.847527,64.71807,3.292327,7.2245054,0.45571658,0.5029473,0.39901155,1.4458026,4.411109,7.377135,10.638504,6.078914,6.091138,6.1527953,6.191803,19.971285,14.0,0.2982456,15.0,0.74561405,15.0,1.0526316,15.0,1.4035088,15.0,1.754386,15.0,2.1140351,15.0,2.4649122,15.0,2.9210527,15.0,3.2368422,15.0,3.508772,15.0,3.8421052,15.0,4.0438595,15.0,3.9035087,7.0,3.8245614,7.0,3.6754386,7.0,3.6666667,7.0,3.5438597,7.0,3.4736843,7.0,3.2894738,7.0,3.1842105,7.0,3.0789473,7.0,2.991228,7.0,2.9385965,7.0,2.745614,7.0,2.631579,7.0,2.6052632,7.0,2.4385965,7.0,2.2631578,7.0,2.0789473,7.0,1.9561404,7.0,NaN,0.0,4410000.0,0.51943463,0.42402828,0.28975266,0.074204944,0.37102473,0.20848057,0.4558304,0.44876325,0.4416961,0.4416961,0.45229682,0.45229682,0.45936397,0.6042403,0.46289754,0.4416961,0.50530034,0.8374558,0.9293286,0.5865724,0.06713781,0.50530034,0.5477032,0.4310954,0.07067138,0.25441697,0.14840989,0.010600707,0.010600707,0.010600707,0.06713781,0.5724381,1.1201413,1.5512366,1.621908,1.8763249,2.0247347,2.0353355,2.0459363,2.0565372
roots_image_ RRpCxjYXOD .tiff,0.046534654,0.014769309,0.011633663,57.92401,183.80026,3.2457922,8.550743,0.37959182,0.49688765,0.41371983,0.5345275,1.5707324,2.8004303,4.3102093,2.461485,2.212102,2.3146403,2.4282548,36.78292,57.0,0.22666667,2.0,0.76,6.0,1.1466666,6.0,1.7466667,6.0,2.7466667,12.0,4.1866665,12.0,5.3733335,12.0,7.173333,16.0,9.226666,18.0,10.933333,18.0,11.64,18.0,12.08,18.0,12.373333,18.0,12.32,19.0,11.466666,19.0,10.693334,19.0,10.266666,19.0,9.64,19.0,9.08,19.0,8.853333,19.0,7.88,31.0,7.3733335,31.0,6.6,31.0,6.12,31.0,5.6266665,31.0,4.4,31.0,3.3066666,9.0,2.68,9.0,2.1733334,9.0,1.56,6.0,NaN,0.0,4410000.0,0.34767026,0.41218638,0.3297491,0.15053764,0.1577061,0.27240142,0.2437276,0.37275985,0.44802868,0.44444445,0.45519713,0.45878136,0.47311828,0.5483871,0.68817204,0.5555556,0.7670251,0.88530463,0.5197133,0.37992832,0.032258064,0.10752688,0.5555556,0.61648744,0.39784947,0.41577062,0.3046595,0.10035843,0.010752688,0.010752688,0.032258064,0.13978495,0.6953405,1.3118279,1.7096773,2.125448,2.4301076,2.530466,2.5412188,2.5519714
roots_image_ jjCyNP5PdT .tiff,0.023267327,0.016901739,0.011633663,12.948268,37.82104,2.7920792,7.038367,0.3966942,0.5519475,0.39486414,2.0732083,6.3537374,10.735774,15.131959,8.636112,8.689941,8.752384,8.767456,8.050194,6.0,0.3508772,7.0,0.5614035,7.0,0.7368421,7.0,0.9122807,7.0,1.1491228,7.0,1.4122807,7.0,1.6754386,7.0,1.9385965,7.0,2.122807,7.0,2.2982457,7.0,2.4561403,7.0,2.3333333,4.0,2.3859649,4.0,2.491228,5.0,2.4035087,5.0,2.2894738,5.0,2.1140351,5.0,1.9385965,5.0,1.7631578,5.0,1.7719299,5.0,1.8070176,5.0,1.7192982,5.0,1.7017543,5.0,1.5526316,5.0,1.3245614,4.0,1.2631578,4.0,1.2631578,4.0,1.2631578,4.0,1.2631578,4.0,1.2631578,4.0,NaN,0.0,4410000.0,0.8208333,0.5541667,0.4625,0.42916667,0.079166666,0.42916667,0.20833333,0.42916667,0.40416667,0.38333333,0.39583334,0.41666666,0.44166666,0.4375,0.44166666,0.44166666,0.8,0.99583334,0.98333335,0.9583333,0.1375,0.42916667,0.53333336,0.37083334,0.3625,0.0125,0.22916667,0.0125,0.0125,0.0125,0.1375,0.56666666,1.1,1.4708333,1.8333333,1.8458333,2.075,2.0875,2.1000001,2.1125002
roots_image_ o9shI0XOdu .tiff,0.034900993,0.016572485,0.011633663,16.031189,47.53515,1.7450496,8.5158415,0.20491803,0.35449174,0.47401094,1.2288301,3.6196768,6.325991,8.978707,5.2731276,5.130201,5.127019,5.1727853,6.186424,12.0,0.2,3.0,0.37142858,3.0,0.54285717,3.0,0.75714284,4.0,0.9285714,4.0,1.1,4.0,1.2714286,4.0,1.6142857,7.0,2.0142858,7.0,2.1857142,7.0,2.5,7.0,2.7285714,7.0,2.9857142,7.0,2.8285713,7.0,2.6571429,7.0,2.7142856,7.0,2.557143,7.0,2.4857142,7.0,2.2285714,4.0,2.6142857,17.0,2.4,17.0,2.4,17.0,2.2714286,17.0,2.1857142,17.0,1.9714285,17.0,1.4857143,4.0,1.4857143,4.0,1.2,4.0,1.2,4.0,1.0285715,3.0,NaN,0.0,4410000.0,0.42666668,0.24,0.16666667,0.28,0.28,0.2,0.22,0.14,0.23333333,0.23333333,0.25333333,0.25333333,0.22,0.24,0.74,0.61333334,0.81333333,0.28666666,0.26,0.45333335,0.026666667,0.02,0.12,0.53333336,0.33333334,0.54,0.02,0.08,0.02,0.02,0.026666667,0.046666667,0.16666666,0.70000005,1.0333334,1.5733335,1.5933335,1.6733335,1.6933335,1.7133335
roots_image_ AdyFiM7NiV .tiff,0.034900993,0.01802729,0.023267327,13.84406,40.566586,1.8962872,8.92302,0.2125163,0.31355113,0.42853844,1.6182965,5.0487523,8.611127,12.003442,6.974477,6.977631,6.9710355,7.0140524,4.106246,7.0,0.67241377,34.0,0.92241377,46.0,0.88793105,34.0,1.137931,46.0,1.1034483,34.0,1.3534483,46.0,1.3793104,34.0,1.75,46.0,1.8103448,34.0,1.3965517,3.0,1.3965517,2.0,1.4568965,3.0,1.5344827,2.0,1.6724138,3.0,1.6896552,2.0,1.6724138,3.0,1.5517242,2.0,1.6206896,4.0,1.6724138,5.0,1.612069,4.0,1.6724138,5.0,1.4913793,4.0,1.5517242,6.0,1.4655173,4.0,1.5344827,6.0,1.4655173,4.0,1.362069,6.0,1.2241379,3.0,1.1551725,6.0,1.1551725,3.0,NaN,0.0,4410000.0,0.0797546,0.20858896,0.23312883,0.2392638,0.116564415,0.26993865,0.2638037,0.2576687,0.21472393,0.21472393,0.23312883,0.23312883,0.2760736,0.2822086,0.3006135,0.30674848,0.42944786,0.29447854,0.22699386,0.74233127,0.6625767,0.018404908,0.061349694,0.19018404,0.19018404,0.030674847,0.018404908,0.018404908,0.018404908,0.018404908,0.6625767,0.6809816,0.74233127,0.9325153,1.1226994,1.1533742,1.1717792,1.1901841,1.2085891,1.226994
roots_image_ NQ6ICRMBqv .tiff,0.034900993,0.017182587,0.011633663,14.902723,44.731438,1.7799506,7.05,0.25247526,0.53600806,0.43408072,0.98309493,3.302991,5.660858,8.005722,4.6423926,4.5557866,4.6543565,4.656697,3.0672843,9.0,0.114035085,2.0,0.28947368,2.0,0.4649123,2.0,0.69298244,5.0,0.95614034,5.0,1.2192982,5.0,1.4824561,5.0,1.8245614,5.0,2.0964913,5.0,2.3421052,5.0,2.6052632,5.0,2.7982457,5.0,2.8157895,5.0,2.7894738,5.0,2.6754386,5.0,2.5877192,5.0,2.5701754,5.0,2.5438597,5.0,2.4210527,5.0,2.3157895,5.0,2.368421,5.0,2.2280703,5.0,2.0438597,5.0,2.122807,5.0,2.0350878,5.0,2.0263157,5.0,1.9824561,5.0,1.8947369,5.0,1.6754386,5.0,1.5789474,5.0,NaN,0.0,4410000.0,0.54901963,0.48366013,0.50980395,0.49673203,0.019607844,0.4117647,0.49673203,0.5163399,0.52287585,0.503268,0.52287585,0.5424837,0.6666667,0.71895427,0.5816994,0.5163399,0.6143791,0.8496732,0.5686275,0.5751634,0.026143791,0.08496732,0.3398693,0.11764706,0.49673203,0.16993465,0.22222222,0.1503268,0.019607844,0.019607844,0.026143791,0.11111111,0.4509804,0.5686275,1.0653595,1.2352941,1.4575163,1.6078432,1.6274511,1.647059
roots_image_ kgzuAcreGC .tiff,0.034900993,0.016509784,0.011633663,12.157179,35.65718,2.5245051,7.3873763,0.3417323,0.5488961,0.43119213,2.0923328,6.36509,10.74062,15.200979,8.749755,8.786623,8.712888,8.84796,6.056397,7.0,0.21052632,7.0,0.28947368,4.0,0.39473686,7.0,0.622807,5.0,0.85087717,7.0,1.0877193,5.0,1.2368422,7.0,1.4298246,5.0,1.5789474,7.0,1.8070176,5.0,1.8859649,4.0,1.8947369,5.0,2.0,4.0,2.1842105,5.0,2.0877192,3.0,1.9824561,3.0,2.0350878,5.0,2.0,5.0,1.9824561,5.0,1.8333334,5.0,1.9912281,16.0,1.7894737,17.0,1.8684211,16.0,1.6052631,17.0,1.5877193,16.0,1.3684211,17.0,1.4649123,16.0,1.2368422,17.0,1.1929824,16.0,1.1403508,17.0,NaN,0.0,4410000.0,0.70046085,0.5483871,0.05529954,0.5437788,0.53456223,0.5299539,0.5253456,0.5299539,0.5299539,0.5391705,0.5529954,0.5437788,0.5437788,0.5391705,0.6635945,0.797235,0.6175115,0.56682026,0.562212,0.8341014,0.13364056,0.013824885,0.51152074,0.07373272,0.2626728,0.13364056,0.013824885,0.013824885,0.013824885,0.013824885,0.13364056,0.14746544,0.6589862,0.73271894,0.9953917,1.1290323,1.1428572,1.1566821,1.1705071,1.184332
roots_image_ xzZkqWzttS .tiff,0.034900993,0.017568195,0.011633663,10.92401,32.888367,1.7683169,6.805693,0.25982907,0.67619455,0.43671465,1.3388752,4.381323,7.4626813,10.584719,6.0742836,6.008136,6.087018,6.1404314,7.1116476,7.0,0.0877193,1.0,0.1754386,1.0,0.25438598,1.0,0.3859649,2.0,0.5701754,3.0,0.74561405,3.0,0.9736842,3.0,1.1578947,3.0,1.3157895,3.0,1.4385965,3.0,1.7280701,6.0,1.8947369,4.0,2.0614035,6.0,2.0263157,4.0,2.0964913,6.0,2.122807,4.0,2.1929824,6.0,2.122807,4.0,2.0350878,6.0,1.877193,4.0,1.9298246,6.0,1.9122807,4.0,1.8070176,5.0,1.6140351,4.0,1.5526316,5.0,1.4824561,4.0,1.5175439,5.0,1.3421053,4.0,1.2719299,5.0,1.1491228,4.0,NaN,0.0,4410000.0,0.8486842,0.7105263,0.6184211,0.55921054,0.7368421,0.29605263,0.7236842,0.7763158,0.7368421,0.75,0.7697368,0.7565789,0.7894737,0.7434211,0.7368421,0.7565789,0.75,0.75,0.75,0.8815789,0.032894738,0.039473683,0.13157895,0.19078948,0.019736841,0.44078946,0.019736841,0.013157895,0.019736841,0.019736841,0.032894738,0.07236842,0.20394737,0.39473683,0.41447365,0.8552631,0.87499994,0.88815784,0.9078947,0.9276315
roots_image_ iXzhUT8eL3 .tiff,0.034900993,0.01619433,0.011633663,11.959407,35.145298,2.1987624,7.6549506,0.28723404,0.5624535,0.42886797,1.8619663,5.831513,9.830851,13.865938,7.995697,8.046673,8.046011,8.0645485,5.3648605,7.0,0.16521738,2.0,0.35652173,3.0,0.5304348,2.0,0.7217391,3.0,0.8956522,2.0,1.0869565,3.0,1.2956522,3.0,1.5043478,4.0,1.6695652,3.0,1.7913043,4.0,1.8521739,3.0,1.8173913,4.0,1.8347826,3.0,1.9043478,4.0,1.8,3.0,1.7565217,4.0,1.6173913,3.0,1.5739131,4.0,1.6173913,4.0,1.6695652,3.0,1.6086956,4.0,1.6608696,3.0,1.5652174,4.0,1.5043478,3.0,1.4869565,4.0,1.4260869,3.0,1.452174,4.0,1.4260869,3.0,1.3913044,4.0,1.2086957,3.0,NaN,0.0,4410000.0,0.53968257,0.29100528,0.01058201,0.6084656,0.61904764,0.6243386,0.6243386,0.5026455,0.6296296,0.6137566,0.6243386,0.6455026,0.6455026,0.64021164,0.64021164,0.962963,0.6243386,0.6243386,0.6296296,0.58201057,0.04232804,0.33862433,0.6137566,0.015873017,0.34391534,0.015873017,0.015873017,0.14285715,0.015873017,0.01058201,0.04232804,0.38095236,0.99470896,1.010582,1.3544973,1.3703704,1.3862435,1.5291007,1.5449737,1.5555557
roots_image_ ewJrWcOBYl .tiff,0.046534654,0.015643334,0.011633663,69.83688,216.59555,3.3970299,8.131931,0.41773963,0.48492232,0.38527653,0.40632722,1.2740359,2.3563218,3.6293373,1.983242,1.84139,1.9600387,2.0402298,49.948833,62.0,1.7157894,48.0,2.4736843,23.0,3.6526315,48.0,4.1894736,26.0,5.894737,48.0,6.536842,26.0,9.178947,48.0,10.494737,26.0,12.389474,48.0,12.71579,26.0,13.326316,36.0,13.589474,26.0,14.452632,40.0,14.294737,40.0,13.378947,40.0,12.968421,40.0,11.968421,40.0,10.410526,40.0,9.852632,40.0,9.7263155,40.0,8.484211,17.0,8.3052635,21.0,8.031579,26.0,7.0526314,21.0,6.4842105,26.0,5.8842106,21.0,5.3789473,26.0,4.357895,21.0,3.8842106,26.0,2.7578948,10.0,NaN,0.0,4410000.0,0.21232876,0.5308219,0.10273973,0.26712328,0.23630136,0.23972602,0.19863014,0.369863,0.52397263,0.49315068,0.5,0.55136985,0.6061644,0.59931505,0.8356164,0.8869863,0.7020548,0.94520545,0.6815069,0.36643836,0.15410958,0.15068494,0.84246576,0.43493152,0.65068495,0.5958904,0.40068492,0.23630136,0.02739726,0.006849315,0.15410958,0.30479452,1.1472603,1.5821918,2.2328768,2.8287673,3.2294521,3.4657536,3.4931507,3.5
roots_image_ VRtlPtYmu2 .tiff,0.034900993,0.016840871,0.011633663,10.656436,32.969803,2.384901,5.5841584,0.42708334,0.4726578,0.3859305,1.539873,4.8496823,8.2198305,11.715949,6.6175017,6.697953,6.7424135,6.8196893,9.420564,8.0,0.125,3.0,0.26785713,3.0,0.4107143,3.0,0.66964287,6.0,1.0,6.0,1.2857143,6.0,1.5357143,6.0,1.6875,6.0,1.8839285,6.0,2.0535715,6.0,2.205357,6.0,2.2857144,6.0,2.357143,6.0,2.455357,6.0,2.4732144,6.0,2.4732144,6.0,2.455357,6.0,2.4642856,6.0,2.3035715,7.0,2.0892856,7.0,1.9107143,7.0,1.8571428,7.0,1.7410715,7.0,1.6428572,7.0,1.5625,7.0,1.5535715,7.0,1.5535715,7.0,1.5267857,7.0,1.4553572,7.0,1.375,7.0,NaN,0.0,4410000.0,0.34146342,0.39512196,0.4390244,0.11219512,0.41951218,0.41463414,0.4292683,0.43414634,0.43414634,0.4390244,0.45365855,0.44390243,0.44878048,0.44390243,0.4585366,0.44878048,0.45365855,1.0,0.62439024,0.3707317,0.029268293,0.2292683,0.5609756,0.34146342,0.029268293,0.043902438,0.014634146,0.014634146,0.009756098,0.014634146,0.029268293,0.25853658,0.8195122,1.1609756,1.1902438,1.2341462,1.2487804,1.2634145,1.2731706,1.2878047
roots_image_ SMeLWocJkP .tiff,0.034900993,0.016154297,0.011633663,12.634159,37.460396,2.7222774,6.363614,0.42778793,0.37815738,0.3886047,1.8031056,5.593168,9.521428,13.422981,7.707143,7.7850933,7.728261,7.8692546,11.191324,6.0,0.6126126,35.0,0.8648649,35.0,0.963964,35.0,1.1351352,35.0,1.3783784,35.0,1.5855856,35.0,1.7387388,35.0,1.8558558,35.0,2.018018,35.0,2.18018,35.0,2.3423424,35.0,2.5765765,35.0,2.3423424,4.0,2.2702703,5.0,2.2882884,5.0,2.3423424,5.0,2.3333333,5.0,2.2792792,5.0,2.2162163,5.0,2.2072072,5.0,2.126126,5.0,2.0450451,5.0,1.963964,5.0,1.8648648,5.0,1.7027028,5.0,1.5495496,5.0,1.4684684,5.0,1.3873874,5.0,1.2252252,5.0,1.1351352,5.0,NaN,0.0,4410000.0,0.31196582,0.31623933,0.34188035,0.2008547,0.102564104,0.17094018,0.3888889,0.3931624,0.3931624,0.3974359,0.41025642,0.4017094,0.4059829,0.4059829,0.37606838,0.36752138,0.36324787,0.74786323,0.35470086,0.6965812,0.3846154,0.03846154,0.4059829,0.16239317,0.26495728,0.20512821,0.017094018,0.012820513,0.008547009,0.012820513,0.3846154,0.42307693,0.82905984,0.991453,1.2564102,1.4615384,1.4786325,1.4914529,1.5,1.5128205
roots_image_ 5WV80YFcFt .tiff,0.034900993,0.016435536,0.011633663,15.868318,49.105694,2.8502476,8.352971,0.34122562,0.43211687,0.43407893,1.9824686,5.8050227,9.886046,14.106136,8.18716,8.049751,8.102819,8.200664,14.029225,12.0,0.5072464,15.0,0.5797101,12.0,0.8405797,15.0,0.9130435,12.0,1.3623189,15.0,1.3913044,12.0,1.1884058,5.0,1.8985507,20.0,2.3623188,23.0,2.6086957,20.0,2.7391305,23.0,3.1304348,20.0,3.1594203,23.0,2.7391305,13.0,2.3188405,4.0,2.536232,4.0,2.3913043,5.0,2.3333333,4.0,2.5072465,6.0,2.3188405,4.0,2.405797,6.0,2.0869565,3.0,1.942029,6.0,1.7536232,4.0,1.4637681,4.0,1.4492754,4.0,1.3333334,4.0,1.173913,4.0,1.1594203,4.0,1.0434783,2.0,NaN,0.0,4410000.0,0.43265307,0.15510204,0.37142858,0.3510204,0.4122449,0.45306122,0.45714286,0.46530613,0.4612245,0.4489796,0.4612245,0.47346938,0.477551,0.5346939,0.67755103,0.44489795,0.5346939,0.4,0.1755102,0.4612245,0.028571429,0.020408163,0.028571429,0.18367347,0.03265306,0.2244898,0.07755102,0.012244898,0.012244898,0.012244898,0.028571429,0.04897959,0.07755102,0.2612245,0.29387757,0.51836735,0.59591836,0.60816324,0.6204081,0.632653
roots_image_ YgYEPW6zKS .tiff,0.023267327,0.015256086,0.011633663,22.604208,70.01139,2.6873763,7.3292084,0.36666667,0.51881367,0.4117605,1.0709538,3.2879694,5.6899304,8.034064,4.572449,4.569957,4.656032,4.6387506,26.334501,17.0,0.5566038,16.0,0.9528302,14.0,1.4056604,16.0,1.745283,14.0,2.1603773,16.0,2.3113208,14.0,2.8490567,16.0,3.028302,14.0,3.7075472,16.0,3.7830188,14.0,3.8301888,10.0,3.8113208,27.0,3.7735848,16.0,3.54717,27.0,3.6509433,16.0,3.5754716,27.0,3.54717,16.0,3.4433963,27.0,3.3679245,16.0,3.490566,27.0,3.3018868,16.0,3.2075472,6.0,3.1509433,7.0,3.028302,6.0,2.8207548,5.0,2.7547169,6.0,2.6226416,5.0,2.518868,6.0,2.1603773,5.0,1.9056604,6.0,NaN,0.0,4410000.0,0.36796537,0.45887446,0.45021644,0.025974026,0.47619048,0.47186148,0.064935066,0.4891775,0.38961038,0.4935065,0.5064935,0.5064935,0.5021645,0.4978355,0.5497835,0.6103896,0.6969697,0.991342,0.8138528,0.65367967,0.2857143,0.35497835,0.54112554,0.67099565,0.13419913,0.077922076,0.43290043,0.012987013,0.116883114,0.012987013,0.2857143,0.64069265,1.1818182,1.852814,1.9870131,2.0649352,2.4978356,2.5108225,2.6277056,2.6406925
roots_image_ lNG7BK5stc .tiff,0.034900993,0.016257413,0.011633663,15.484406,47.081436,2.3267329,9.783912,0.23781213,0.46976712,0.45588753,1.918211,5.86039,9.888806,14.033606,8.188288,8.058809,8.114406,8.175686,6.6851954,8.0,0.47887325,9.0,0.7183099,9.0,0.91549295,9.0,1.112676,9.0,1.3098592,9.0,1.0422535,2.0,1.1549295,3.0,1.3380282,3.0,1.5352113,3.0,1.7323943,3.0,2.1971831,5.0,2.2816901,5.0,2.2816901,5.0,2.2394366,5.0,2.2394366,5.0,1.971831,3.0,1.8028169,3.0,1.8732394,3.0,1.915493,3.0,1.7746478,3.0,1.6619718,3.0,1.6197183,3.0,1.3802817,3.0,1.1690141,3.0,1.2253522,3.0,1.1549295,3.0,1.1267606,3.0,1.1267606,3.0,1.1267606,3.0,1.0,1.0,NaN,0.0,4410000.0,0.715,0.33,0.375,0.375,0.395,0.42,0.41,0.425,0.43,0.41,0.425,0.445,0.44,0.425,0.435,0.935,0.895,0.46,0.345,0.995,0.28,0.015,0.085,0.52,0.54,0.015,0.015,0.015,0.015,0.015,0.28,0.295,0.38,0.9,1.44,1.455,1.47,1.485,1.5,1.515
roots_image_ u8rNoL5hfH .tiff,0.023267327,0.016090391,0.011633663,13.483417,40.775993,1.9660892,7.9108915,0.2485294,0.44873932,0.46352625,1.5332382,4.5797434,7.7189727,10.972896,6.3848786,6.306134,6.276462,6.388017,11.982069,8.0,0.19117647,2.0,0.38235295,2.0,0.5441176,2.0,0.7058824,2.0,1.1470588,9.0,1.3088236,9.0,1.3235294,9.0,1.4852941,9.0,1.632353,9.0,1.7941177,9.0,1.6764706,3.0,1.9852941,4.0,2.2794118,4.0,2.2794118,4.0,2.2794118,4.0,2.4264705,6.0,2.6029413,6.0,2.5882354,6.0,2.2794118,6.0,2.1176472,6.0,2.3529413,6.0,2.1617646,6.0,1.7794118,6.0,1.5147059,6.0,1.5588236,6.0,1.5588236,6.0,1.2058823,3.0,1.1029412,2.0,1.1029412,2.0,1.1029412,2.0,NaN,0.0,4410000.0,0.7218935,0.2662722,0.4733728,0.082840234,0.19526628,0.16568047,0.5857988,0.5502958,0.53846157,0.52662724,0.5443787,0.556213,0.56804734,0.8816568,0.591716,0.5739645,0.5502958,0.49704143,0.295858,0.75739646,0.03550296,0.0295858,0.02366864,0.46745563,0.37869823,0.4260355,0.295858,0.01775148,0.01775148,0.01775148,0.03550296,0.06508876,0.088757396,0.556213,0.93491125,1.3609468,1.6568048,1.6745563,1.6923077,1.7100592
roots_image_ FPwEvYnoDn .tiff,0.023267327,0.016621288,0.011633663,10.935644,32.911636,2.6524754,7.817822,0.3392857,0.517047,0.45638472,2.5044186,7.741605,13.003888,18.366207,10.655708,10.659244,10.639802,10.695652,8.444555,6.0,0.5147059,22.0,0.6911765,22.0,0.85294116,22.0,1.0147059,22.0,1.1911764,22.0,1.3529412,22.0,1.0441177,2.0,1.0147059,2.0,1.0147059,2.0,1.0147059,2.0,1.3235294,4.0,1.5735294,4.0,1.75,4.0,1.867647,4.0,1.867647,4.0,1.867647,4.0,1.6911764,4.0,1.6617647,4.0,1.6764706,4.0,1.5441177,4.0,1.5441177,4.0,1.5441177,4.0,1.5147059,4.0,1.382353,3.0,1.1911764,3.0,1.132353,3.0,1.132353,3.0,1.132353,3.0,1.132353,3.0,1.0,1.0,NaN,0.0,4410000.0,0.7719298,0.4517544,0.5131579,0.46929824,0.004385965,0.49561402,0.4868421,0.5,0.50438595,0.50877196,0.5219298,0.51754385,0.6096491,0.5,0.5833333,0.5263158,0.5263158,0.5263158,0.47368422,0.80263156,0.030701755,0.021929825,0.013157895,0.057017542,0.5219298,0.0877193,0.013157895,0.10964912,0.013157895,0.013157895,0.030701755,0.05263158,0.065789476,0.12280702,0.6447368,0.73245615,0.74561405,0.8552632,0.8684211,0.881579
roots_image_ 6Fbzbn0oJ7 .tiff,0.046534654,0.015285923,0.011633663,27.792824,86.58936,2.6059408,7.934159,0.32844576,0.5688905,0.40995327,0.879081,2.6878946,4.7204084,6.879484,3.9426308,3.7753594,3.8417306,4.0012093,24.209257,25.0,0.1375,1.0,0.35,2.0,0.525,2.0,1.05,7.0,1.725,8.0,2.3625,8.0,3.0125,8.0,3.6375,8.0,4.3125,8.0,5.075,8.0,5.5125,8.0,5.75,12.0,6.15,12.0,6.1875,12.0,6.4375,12.0,6.3,12.0,5.7625,12.0,5.65,12.0,4.975,12.0,4.2,10.0,3.75,10.0,3.2125,10.0,2.9,8.0,2.7375,8.0,2.275,6.0,2.05,5.0,1.9875,5.0,1.8875,5.0,1.65,5.0,1.375,5.0,NaN,0.0,4410000.0,0.04017857,0.42857143,0.45535713,0.4107143,0.12946428,0.5535714,0.54910713,0.5401786,0.54464287,0.54464287,0.55803573,0.55803573,0.5535714,0.62946427,0.9375,0.94196427,0.8348214,0.70089287,0.90178573,0.06696428,0.026785715,0.4732143,0.24553572,0.42410713,0.8125,0.38392857,0.08035714,0.013392857,0.013392857,0.013392857,0.026785715,0.5,0.74553573,1.1696429,1.9821429,2.3660715,2.4464285,2.4598215,2.4732144,2.4866073
roots_image_ 6pUJ3FAJVs .tiff,0.034900993,0.016173424,0.011633663,15.949753,46.81386,1.9660892,8.0155945,0.24528302,0.39243385,0.40973786,1.3230616,3.9204772,6.8722663,9.7134695,5.5119286,5.549205,5.5934396,5.6431413,4.7561526,12.0,0.2173913,4.0,0.42608696,4.0,0.6347826,4.0,0.9217391,4.0,1.2086957,4.0,1.5652174,5.0,1.9652174,6.0,2.1565218,6.0,2.252174,6.0,2.3913043,6.0,2.4608696,6.0,2.5652175,6.0,2.7739131,6.0,2.7652173,6.0,2.6173913,6.0,2.547826,6.0,2.2608695,6.0,2.0869565,6.0,2.1565218,6.0,2.1652174,6.0,2.1478262,6.0,2.1652174,6.0,1.8173913,5.0,1.5913043,4.0,1.6086956,4.0,1.4869565,4.0,1.4260869,4.0,1.4434782,4.0,1.3652174,4.0,1.3130435,4.0,NaN,0.0,4410000.0,0.31360948,0.25443786,0.2662722,0.2662722,0.27218935,0.25443786,0.18343195,0.33136094,0.35502958,0.34319526,0.36094674,0.37278107,0.4852071,0.28402367,0.27218935,0.28994083,0.33136094,0.8816568,0.7810651,0.3964497,0.082840234,0.52662724,0.61538464,0.06508876,0.01775148,0.01775148,0.10059172,0.15384616,0.01775148,0.01775148,0.082840234,0.6094675,1.2248521,1.2899408,1.3076923,1.3254437,1.4260354,1.5798815,1.597633,1.6153845
roots_image_ iZLborFOeS .tiff,0.023267327,0.016583296,0.011633663,13.343812,38.763367,2.2685645,8.166832,0.2777778,0.4928802,0.4216815,1.8256303,5.801921,9.8721485,13.777311,7.9963984,8.0015,8.0096035,8.109243,3.1165702,7.0,0.14655173,2.0,0.36206895,4.0,0.54310346,2.0,0.7586207,4.0,0.9396552,2.0,1.2155173,4.0,1.4913793,3.0,1.7327586,4.0,1.9051725,3.0,2.0517242,4.0,2.0,3.0,2.0948277,6.0,2.1034484,3.0,2.224138,6.0,2.0517242,3.0,1.9741379,6.0,1.7672414,4.0,1.9137931,6.0,1.8103448,4.0,1.9224138,6.0,1.7758621,4.0,1.7413793,5.0,1.4913793,4.0,1.4568965,5.0,1.3534483,4.0,1.4482758,5.0,1.3103448,3.0,1.1982758,3.0,1.0258621,2.0,1.0431035,3.0,NaN,0.0,4410000.0,0.44615385,0.42564103,0.42051283,0.41025642,0.42051283,0.33846155,0.43076923,0.42051283,0.42051283,0.41025642,0.42564103,0.43589744,0.43076923,0.44615385,0.44615385,0.94871795,0.42564103,0.86153847,0.7076923,0.46153846,0.015384615,0.2820513,0.44102564,0.015384615,0.52820516,0.10769231,0.015384615,0.010256411,0.015384615,0.015384615,0.015384615,0.2974359,0.73846155,0.75384617,1.2820513,1.3897437,1.4051284,1.4153848,1.4307694,1.4461541
roots_image_ F4t8anA8rF .tiff,0.034900993,0.015052834,0.011633663,22.325,70.3255,2.6873763,6.887129,0.3902027,0.53941077,0.40935647,0.9492142,3.0522747,5.2306037,7.5578165,4.3510337,4.234078,4.2817206,4.3829613,24.937206,21.0,0.114035085,2.0,0.33333334,11.0,0.5614035,7.0,0.8245614,11.0,1.0614035,7.0,1.4912281,11.0,1.8333334,7.0,2.3157895,11.0,2.6140351,7.0,3.254386,11.0,3.491228,7.0,4.0964913,11.0,4.1491227,7.0,4.7017546,9.0,4.868421,10.0,5.1929827,13.0,4.9385967,20.0,4.859649,13.0,4.6666665,20.0,4.745614,13.0,4.4473686,20.0,4.2192984,13.0,3.9122808,20.0,3.7719297,13.0,3.508772,20.0,3.0964913,13.0,2.5263157,20.0,2.2807016,9.0,2.122807,6.0,2.1140351,9.0,NaN,0.0,4410000.0,0.5714286,0.47186148,0.20779221,0.008658009,0.28138527,0.52380955,0.4891775,0.51082253,0.51082253,0.52380955,0.5367965,0.52380955,0.65800864,0.52380955,0.54545456,0.86580086,0.7835498,0.85714287,0.7012987,0.6060606,0.034632035,0.22943723,0.64935064,0.7748918,0.58441556,0.021645023,0.034632035,0.14718615,0.012987013,0.012987013,0.034632035,0.26406926,0.9134199,1.6883117,2.2727273,2.2943723,2.3290043,2.4761903,2.4891772,2.5021641
roots_image_ PPmoLi7EOE .tiff,0.023267327,0.015549356,0.011633663,22.674011,68.73169,3.4900992,7.503713,0.4651163,0.5131483,0.39033395,1.4700407,4.5198035,7.721733,11.105281,6.300271,6.2464457,6.3193974,6.410122,30.449787,18.0,0.67826086,27.0,0.8869565,32.0,1.226087,27.0,1.6608696,32.0,1.7913043,27.0,2.2347827,32.0,2.4086957,27.0,3.0,32.0,3.3652174,27.0,4.1391306,32.0,4.2434783,27.0,3.9304347,9.0,4.191304,9.0,3.8695652,9.0,3.9130435,9.0,3.9304347,9.0,4.2173915,10.0,4.026087,9.0,3.8695652,10.0,3.4869566,9.0,3.1913044,10.0,2.9826088,8.0,2.9826088,10.0,2.7043478,8.0,2.721739,10.0,2.4782608,8.0,2.3043478,10.0,1.9130435,5.0,1.7478261,5.0,1.5739131,5.0,NaN,0.0,4410000.0,0.23,0.15333334,0.35666665,0.35333332,0.51,0.52,0.45333335,0.5233333,0.5233333,0.5133333,0.5233333,0.53333336,0.60333335,0.5233333,0.75666666,0.61333334,0.72333336,0.67333335,0.52666664,0.61,0.38,0.37333333,0.31666666,0.37,0.10333333,0.23666666,0.07,0.08,0.01,0.01,0.38,0.75333333,1.0699999,1.4399999,1.5433333,1.78,1.85,1.9300001,1.94,1.95
